{"cameraMode":{"drawMode":0,"name":"Shaded","section":"Shading Mode"},"sceneLighting":true,"audioPlay":false,"sceneViewState":{"m_AlwaysRefresh":false,"showFog":true,"showSkybox":true,"showFlares":true,"showImageEffects":true,"showParticleSystems":true,"showVisualEffectGraphs":true,"m_FxEnabled":true},"in2DMode":false,"pivot":{"x":-0.15509289503097535,"y":0.5294969081878662,"z":-0.5978097915649414},"rotation":{"x":-0.00008080655243247747,"y":-0.9968446493148804,"z":0.07972816377878189,"w":-0.0008879201486706734},"size":1.6079360246658326,"orthographic":false}