{"cameraMode":{"drawMode":0,"name":"Shaded","section":"Shading Mode"},"sceneLighting":true,"audioPlay":false,"sceneViewState":{"m_AlwaysRefresh":false,"showFog":true,"showSkybox":true,"showFlares":true,"showImageEffects":true,"showParticleSystems":true,"showVisualEffectGraphs":true,"m_FxEnabled":true},"in2DMode":false,"pivot":{"x":-0.37838903069496157,"y":-0.9943208694458008,"z":0.28317928314208987},"rotation":{"x":0.015752162784337999,"y":0.9205784201622009,"z":-0.38846492767333987,"w":0.037280067801475528},"size":3.978912591934204,"orthographic":false}