{"cameraMode":{"drawMode":0,"name":"Shaded","section":"Shading Mode"},"sceneLighting":true,"audioPlay":false,"sceneViewState":{"m_AlwaysRefresh":false,"showFog":true,"showSkybox":true,"showFlares":true,"showImageEffects":true,"showParticleSystems":true,"showVisualEffectGraphs":true,"m_FxEnabled":true},"in2DMode":false,"pivot":{"x":0.801180899143219,"y":-0.6682476997375488,"z":-2.823089361190796},"rotation":{"x":0.0008885986171662808,"y":-0.9683696031570435,"z":0.24964995682239533,"w":0.003498201025649905},"size":3.6221444606781008,"orthographic":false}