{"cameraMode":{"drawMode":0,"name":"Shaded","section":"Shading Mode"},"sceneLighting":true,"audioPlay":false,"sceneViewState":{"m_AlwaysRefresh":false,"showFog":true,"showSkybox":true,"showFlares":true,"showImageEffects":true,"showParticleSystems":true,"showVisualEffectGraphs":true,"m_FxEnabled":true},"in2DMode":false,"pivot":{"x":-1.2325292825698853,"y":-1.717274785041809,"z":-0.07299847155809403},"rotation":{"x":9.054700740307453e-7,"y":0.7032697796821594,"z":-0.7109230160713196,"w":-0.000026032545065390877},"size":1.3751760721206666,"orthographic":true}