{"cameraMode":{"drawMode":0,"name":"Shaded","section":"Shading Mode"},"sceneLighting":true,"audioPlay":false,"sceneViewState":{"m_AlwaysRefresh":false,"showFog":true,"showSkybox":true,"showFlares":true,"showImageEffects":true,"showParticleSystems":true,"showVisualEffectGraphs":true,"m_FxEnabled":true},"in2DMode":false,"pivot":{"x":-0.10011142492294312,"y":0.06993913650512696,"z":-0.4880983829498291},"rotation":{"x":-0.0015202221693471075,"y":-0.9882505536079407,"z":0.1527075469493866,"w":-0.009774114936590195},"size":1.6079360246658326,"orthographic":false}