{"cameraMode":{"drawMode":0,"name":"Shaded","section":"Shading Mode"},"sceneLighting":true,"audioPlay":false,"sceneViewState":{"m_AlwaysRefresh":false,"showFog":true,"showSkybox":true,"showFlares":true,"showImageEffects":true,"showParticleSystems":true,"showVisualEffectGraphs":true,"m_FxEnabled":true},"in2DMode":false,"pivot":{"x":-0.4453124403953552,"y":-1.3057063817977906,"z":-2.4335944652557375},"rotation":{"x":-0.0002694710565265268,"y":-0.9574732780456543,"z":0.28865519165992739,"w":-0.0008492600172758102},"size":3.204552412033081,"orthographic":false}